"Name","Slug","Path"
"Summon Reaper of Revenants","summon-reaper-of-revenants","gem/skill/summon-reaper-of-revenants.png"
"Summon Flame Golem of the Meteor","summon-flame-golem-of-the-meteor","gem/skill/summon-flame-golem-of-the-meteor.png"
"Summon Carrion Golem","summon-carrion-golem","gem/skill/summon-carrion-golem.png"
"Frenzy","frenzy","gem/skill/frenzy.png"
"Power Siphon","power-siphon","gem/skill/power-siphon.png"
"Hatred","hatred","gem/skill/hatred.png"
"Stormbind","stormbind","gem/skill/stormbind.png"
"Frostblink of Wintry Blast","frostblink-of-wintry-blast","gem/skill/frostblink-of-wintry-blast.png"
"Kinetic Blast","kinetic-blast","gem/skill/kinetic-blast.png"
"Ice Trap of Hollowness","ice-trap-of-hollowness","gem/skill/ice-trap-of-hollowness.png"
"Split Arrow","split-arrow","gem/skill/split-arrow.png"
"Conversion Trap","conversion-trap","gem/skill/conversion-trap.png"
"Hydrosphere","hydrosphere","gem/skill/hydrosphere.png"
"Armageddon Brand","armageddon-brand","gem/skill/armageddon-brand.png"
"Flame Surge of Combusting","flame-surge-of-combusting","gem/skill/flame-surge-of-combusting.png"
"Incinerate of Venting","incinerate-of-venting","gem/skill/incinerate-of-venting.png"
"Sweep","sweep","gem/skill/sweep.png"
"Summon Chaos Golem","summon-chaos-golem","gem/skill/summon-chaos-golem.png"
"Eye of Winter","eye-of-winter","gem/skill/eye-of-winter.png"
"Galvanic Arrow of Energy","galvanic-arrow-of-energy","gem/skill/galvanic-arrow-of-energy.png"
"Blade Vortex","blade-vortex","gem/skill/blade-vortex.png"
"Summon Lightning Golem of Hordes","summon-lightning-golem-of-hordes","gem/skill/summon-lightning-golem-of-hordes.png"
"Arcanist Brand","arcanist-brand","gem/skill/arcanist-brand.png"
"Lightning Strike of Arcing","lightning-strike-of-arcing","gem/skill/lightning-strike-of-arcing.png"
"Lightning Conduit","lightning-conduit","gem/skill/lightning-conduit.png"
"Rolling Magma","rolling-magma","gem/skill/rolling-magma.png"
"Flame Wall","flame-wall","gem/skill/flame-wall.png"
"Tectonic Slam","tectonic-slam","gem/skill/tectonic-slam.png"
"Rage Vortex","rage-vortex","gem/skill/rage-vortex.png"
"Lacerate","lacerate","gem/skill/lacerate.png"
"Lightning Trap","lightning-trap","gem/skill/lightning-trap.png"
"Summon Carrion Golem of Hordes","summon-carrion-golem-of-hordes","gem/skill/summon-carrion-golem-of-hordes.png"
"Double Strike of Momentum","double-strike-of-momentum","gem/skill/double-strike-of-momentum.png"
"Cremation of the Volcano","cremation-of-the-volcano","gem/skill/cremation-of-the-volcano.png"
"Blade Flurry of Incision","blade-flurry-of-incision","gem/skill/blade-flurry-of-incision.png"
"Boneshatter","boneshatter","gem/skill/boneshatter.png"
"Assassin's Mark","assassins-mark","gem/skill/assassins-mark.png"
"Summon Flame Golem","summon-flame-golem","gem/skill/summon-flame-golem.png"
"Stormblast Mine","stormblast-mine","gem/skill/stormblast-mine.png"
"Summon Reaper","summon-reaper","gem/skill/summon-reaper.png"
"Flame Link","flame-link","gem/skill/flame-link.png"
"Frost Bomb","frost-bomb","gem/skill/frost-bomb.png"
"Cold Snap","cold-snap","gem/skill/cold-snap.png"
"Armageddon Brand of Recall","armageddon-brand-of-recall","gem/skill/armageddon-brand-of-recall.png"
"Pride","pride","gem/skill/pride.png"
"Caustic Arrow of Poison","caustic-arrow-of-poison","gem/skill/caustic-arrow-of-poison.png"
"Shield Crush","shield-crush","gem/skill/shield-crush.png"
"Tornado","tornado","gem/skill/tornado.png"
"Blink Arrow","blink-arrow","gem/skill/blink-arrow.png"
"Spark of the Nova","spark-of-the-nova","gem/skill/spark-of-the-nova.png"
"Tornado Shot","tornado-shot","gem/skill/tornado-shot.png"
"Storm Brand of Indecision","storm-brand-of-indecision","gem/skill/storm-brand-of-indecision.png"
"Wrath","wrath","gem/skill/wrath.png"
"Determination","determination","gem/skill/determination.png"
"Summon Skeletons of Mages","summon-skeletons-of-mages","gem/skill/summon-skeletons-of-mages.png"
"Icicle Mine of Fanning","icicle-mine-of-fanning","gem/skill/icicle-mine-of-fanning.png"
"Storm Rain","storm-rain","gem/skill/storm-rain.png"
"Convocation","convocation","gem/skill/convocation.png"
"Lacerate of Haemorrhage","lacerate-of-haemorrhage","gem/skill/lacerate-of-haemorrhage.png"
"Storm Call","storm-call","gem/skill/storm-call.png"
"Frostbite","frostbite","gem/skill/frostbite.png"
"Bane of Condemnation","bane-of-condemnation","gem/skill/bane-of-condemnation.png"
"Blade Blast of Dagger Detonation","blade-blast-of-dagger-detonation","gem/skill/blade-blast-of-dagger-detonation.png"
"Consecrated Path of Endurance","consecrated-path-of-endurance","gem/skill/consecrated-path-of-endurance.png"
"Explosive Trap","explosive-trap","gem/skill/explosive-trap.png"
"Flammability","flammability","gem/skill/flammability.png"
"Stormbind of Teleportation","stormbind-of-teleportation","gem/skill/stormbind-of-teleportation.png"
"Animate Guardian of Smiting","animate-guardian-of-smiting","gem/skill/animate-guardian-of-smiting.png"
"Spirit Offering","spirit-offering","gem/skill/spirit-offering.png"
"Bodyswap","bodyswap","gem/skill/bodyswap.png"
"Artillery Ballista of Focus Fire","artillery-ballista-of-focus-fire","gem/skill/artillery-ballista-of-focus-fire.png"
"Bane","bane","gem/skill/bane.png"
"Siege Ballista of Splintering","siege-ballista-of-splintering","gem/skill/siege-ballista-of-splintering.png"
"Earthquake of Amplification","earthquake-of-amplification","gem/skill/earthquake-of-amplification.png"
"Crackling Lance of Disintegration","crackling-lance-of-disintegration","gem/skill/crackling-lance-of-disintegration.png"
"Penance Brand of Conduction","penance-brand-of-conduction","gem/skill/penance-brand-of-conduction.png"
"Exsanguinate","exsanguinate","gem/skill/exsanguinate.png"
"Divine Ire","divine-ire","gem/skill/divine-ire.png"
"Zealotry","zealotry","gem/skill/zealotry.png"
"Glacial Cascade of the Fissure","glacial-cascade-of-the-fissure","gem/skill/glacial-cascade-of-the-fissure.png"
"Blood and Sand","blood-and-sand","gem/skill/blood-and-sand.png"
"Bear Trap of Skewers","bear-trap-of-skewers","gem/skill/bear-trap-of-skewers.png"
"Earthshatter of Fragility","earthshatter-of-fragility","gem/skill/earthshatter-of-fragility.png"
"Consecrated Path","consecrated-path","gem/skill/consecrated-path.png"
"Reave","reave","gem/skill/reave.png"
"Clarity","clarity","gem/skill/clarity.png"
"Volcanic Fissure","volcanic-fissure","gem/skill/volcanic-fissure.png"
"Glacial Hammer of Shattering","glacial-hammer-of-shattering","gem/skill/glacial-hammer-of-shattering.png"
"Blazing Salvo","blazing-salvo","gem/skill/blazing-salvo.png"
"Lightning Spire Trap of Zapping","lightning-spire-trap-of-zapping","gem/skill/lightning-spire-trap-of-zapping.png"
"Bladefall","bladefall","gem/skill/bladefall.png"
"Kinetic Blast of Clustering","kinetic-blast-of-clustering","gem/skill/kinetic-blast-of-clustering.png"
"Somatic Shell","somatic-shell","gem/skill/somatic-shell.png"
"Dash","dash","gem/skill/dash.png"
"Summon Stone Golem of Hordes","summon-stone-golem-of-hordes","gem/skill/summon-stone-golem-of-hordes.png"
"Smite","smite","gem/skill/smite.png"
"Molten Strike","molten-strike","gem/skill/molten-strike.png"
"Incinerate of Expanse","incinerate-of-expanse","gem/skill/incinerate-of-expanse.png"
"Immortal Call","immortal-call","gem/skill/immortal-call.png"
"Fireball","fireball","gem/skill/fireball.png"
"Temporal Chains","temporal-chains","gem/skill/temporal-chains.png"
"Bladestorm of Uncertainty","bladestorm-of-uncertainty","gem/skill/bladestorm-of-uncertainty.png"
"Spark","spark","gem/skill/spark.png"
"Burning Arrow of Vigour","burning-arrow-of-vigour","gem/skill/burning-arrow-of-vigour.png"
"Wave of Conviction","wave-of-conviction","gem/skill/wave-of-conviction.png"
"Essence Drain of Desperation","essence-drain-of-desperation","gem/skill/essence-drain-of-desperation.png"
"Blade Flurry","blade-flurry","gem/skill/blade-flurry.png"
"Crushing Fist","crushing-fist","gem/skill/crushing-fist.png"
"Bear Trap","bear-trap","gem/skill/bear-trap.png"
"Spectral Shield Throw","spectral-shield-throw","gem/skill/spectral-shield-throw.png"
"Lancing Steel of Spraying","lancing-steel-of-spraying","gem/skill/lancing-steel-of-spraying.png"
"Ball Lightning of Orbiting","ball-lightning-of-orbiting","gem/skill/ball-lightning-of-orbiting.png"
"Sunder","sunder","gem/skill/sunder.png"
"Exsanguinate of Transmission","exsanguinate-of-transmission","gem/skill/exsanguinate-of-transmission.png"
"Ball Lightning","ball-lightning","gem/skill/ball-lightning.png"
"Scourge Arrow","scourge-arrow","gem/skill/scourge-arrow.png"
"Raise Spectre","raise-spectre","gem/skill/raise-spectre.png"
"Blade Trap of Laceration","blade-trap-of-laceration","gem/skill/blade-trap-of-laceration.png"
"Snipe","snipe","gem/skill/snipe.png"
"Desecrate","desecrate","gem/skill/desecrate.png"
"Arctic Armour","arctic-armour","gem/skill/arctic-armour.png"
"Cleave","cleave","gem/skill/cleave.png"
"Despair","despair","gem/skill/despair.png"
"Shattering Steel","shattering-steel","gem/skill/shattering-steel.png"
"Flesh and Stone","flesh-and-stone","gem/skill/flesh-and-stone.png"
"Glacial Cascade","glacial-cascade","gem/skill/glacial-cascade.png"
"Ethereal Knives","ethereal-knives","gem/skill/ethereal-knives.png"
"Infernal Blow","infernal-blow","gem/skill/infernal-blow.png"
"Animate Weapon of Ranged Arms","animate-weapon-of-ranged-arms","gem/skill/animate-weapon-of-ranged-arms.png"
"Armageddon Brand of Volatility","armageddon-brand-of-volatility","gem/skill/armageddon-brand-of-volatility.png"
"Precision","precision","gem/skill/precision.png"
"Flicker Strike","flicker-strike","gem/skill/flicker-strike.png"
"Bone Offering","bone-offering","gem/skill/bone-offering.png"
"Frost Bomb of Instability","frost-bomb-of-instability","gem/skill/frost-bomb-of-instability.png"
"Absolution of Inspiring","absolution-of-inspiring","gem/skill/absolution-of-inspiring.png"
"Glacial Shield Swipe","glacial-shield-swipe","gem/skill/glacial-shield-swipe.png"
"Lancing Steel","lancing-steel","gem/skill/lancing-steel.png"
"Toxic Rain of Sporeburst","toxic-rain-of-sporeburst","gem/skill/toxic-rain-of-sporeburst.png"
"Bladefall of Volleys","bladefall-of-volleys","gem/skill/bladefall-of-volleys.png"
"Raise Zombie","raise-zombie","gem/skill/raise-zombie.png"
"Essence Drain","essence-drain","gem/skill/essence-drain.png"
"Frozen Legion of Rallying","frozen-legion-of-rallying","gem/skill/frozen-legion-of-rallying.png"
"Lightning Tendrils","lightning-tendrils","gem/skill/lightning-tendrils.png"
"Forbidden Rite","forbidden-rite","gem/skill/forbidden-rite.png"
"Firestorm of Meteors","firestorm-of-meteors","gem/skill/firestorm-of-meteors.png"
"Petrified Blood","petrified-blood","gem/skill/petrified-blood.png"
"Summon Ice Golem of Shattering","summon-ice-golem-of-shattering","gem/skill/summon-ice-golem-of-shattering.png"
"Storm Brand","storm-brand","gem/skill/storm-brand.png"
"Ground Slam of Earthshaking","ground-slam-of-earthshaking","gem/skill/ground-slam-of-earthshaking.png"
"Autoexertion","autoexertion","gem/skill/autoexertion.png"
"Galvanic Field of Intensity","galvanic-field-of-intensity","gem/skill/galvanic-field-of-intensity.png"
"Ice Nova","ice-nova","gem/skill/ice-nova.png"
"Summon Skeletons of Archers","summon-skeletons-of-archers","gem/skill/summon-skeletons-of-archers.png"
"Ice Nova of Frostbolts","ice-nova-of-frostbolts","gem/skill/ice-nova-of-frostbolts.png"
"Shattering Steel of Ammunition","shattering-steel-of-ammunition","gem/skill/shattering-steel-of-ammunition.png"
"Animate Guardian","animate-guardian","gem/skill/animate-guardian.png"
"Herald of Thunder","herald-of-thunder","gem/skill/herald-of-thunder.png"
"Ice Crash","ice-crash","gem/skill/ice-crash.png"
"Summon Holy Relic of Conviction","summon-holy-relic-of-conviction","gem/skill/summon-holy-relic-of-conviction.png"
"Volcanic Fissure of Snaking","volcanic-fissure-of-snaking","gem/skill/volcanic-fissure-of-snaking.png"
"Pestilent Strike","pestilent-strike","gem/skill/pestilent-strike.png"
"Flicker Strike of Power","flicker-strike-of-power","gem/skill/flicker-strike-of-power.png"
"Lightning Spire Trap","lightning-spire-trap","gem/skill/lightning-spire-trap.png"
"Blink Arrow of Prismatic Clones","blink-arrow-of-prismatic-clones","gem/skill/blink-arrow-of-prismatic-clones.png"
"Flameblast of Contraction","flameblast-of-contraction","gem/skill/flameblast-of-contraction.png"
"Summon Chaos Golem of Hordes","summon-chaos-golem-of-hordes","gem/skill/summon-chaos-golem-of-hordes.png"
"Kinetic Rain","kinetic-rain","gem/skill/kinetic-rain.png"
"Shrapnel Ballista of Steel","shrapnel-ballista-of-steel","gem/skill/shrapnel-ballista-of-steel.png"
"Anger","anger","gem/skill/anger.png"
"Cleave of Rage","cleave-of-rage","gem/skill/cleave-of-rage.png"
"Flame Dash","flame-dash","gem/skill/flame-dash.png"
"Wild Strike","wild-strike","gem/skill/wild-strike.png"
"Ice Nova of Deep Freeze","ice-nova-of-deep-freeze","gem/skill/ice-nova-of-deep-freeze.png"
"Enduring Cry","enduring-cry","gem/skill/enduring-cry.png"
"Vampiric Link","vampiric-link","gem/skill/vampiric-link.png"
"Conductivity","conductivity","gem/skill/conductivity.png"
"Volatile Dead","volatile-dead","gem/skill/volatile-dead.png"
"Frenzy of Onslaught","frenzy-of-onslaught","gem/skill/frenzy-of-onslaught.png"
"Intimidating Cry","intimidating-cry","gem/skill/intimidating-cry.png"
"Forbidden Rite of Soul Sacrifice","forbidden-rite-of-soul-sacrifice","gem/skill/forbidden-rite-of-soul-sacrifice.png"
"Hexblast of Havoc","hexblast-of-havoc","gem/skill/hexblast-of-havoc.png"
"Temporal Rift","temporal-rift","gem/skill/temporal-rift.png"
"Boneshatter of Carnage","boneshatter-of-carnage","gem/skill/boneshatter-of-carnage.png"
"Rain of Arrows","rain-of-arrows","gem/skill/rain-of-arrows.png"
"Swordstorm","swordstorm","gem/skill/swordstorm.png"
"Blood Rage","blood-rage","gem/skill/blood-rage.png"
"Molten Shell","molten-shell","gem/skill/molten-shell.png"
"Righteous Fire of Arcane Devotion","righteous-fire-of-arcane-devotion","gem/skill/righteous-fire-of-arcane-devotion.png"
"Blade Vortex of the Scythe","blade-vortex-of-the-scythe","gem/skill/blade-vortex-of-the-scythe.png"
"Vengeful Cry","vengeful-cry","gem/skill/vengeful-cry.png"
"Frost Blades of Katabasis","frost-blades-of-katabasis","gem/skill/frost-blades-of-katabasis.png"
"Artillery Ballista","artillery-ballista","gem/skill/artillery-ballista.png"
"Eye of Winter of Finality","eye-of-winter-of-finality","gem/skill/eye-of-winter-of-finality.png"
"Siphoning Trap","siphoning-trap","gem/skill/siphoning-trap.png"
"Penance Brand","penance-brand","gem/skill/penance-brand.png"
"Volatile Dead of Seething","volatile-dead-of-seething","gem/skill/volatile-dead-of-seething.png"
"Elemental Weakness","elemental-weakness","gem/skill/elemental-weakness.png"
"Withering Step","withering-step","gem/skill/withering-step.png"
"Devouring Totem","devouring-totem","gem/skill/devouring-totem.png"
"Creeping Frost","creeping-frost","gem/skill/creeping-frost.png"
"Spark of Unpredictability","spark-of-unpredictability","gem/skill/spark-of-unpredictability.png"
"Bladestorm","bladestorm","gem/skill/bladestorm.png"
"Ethereal Knives of the Massacre","ethereal-knives-of-the-massacre","gem/skill/ethereal-knives-of-the-massacre.png"
"Ball Lightning of Static","ball-lightning-of-static","gem/skill/ball-lightning-of-static.png"
"Conflagration","conflagration","gem/skill/conflagration.png"
"Spectral Throw","spectral-throw","gem/skill/spectral-throw.png"
"Frozen Legion","frozen-legion","gem/skill/frozen-legion.png"
"Blight of Atrophy","blight-of-atrophy","gem/skill/blight-of-atrophy.png"
"Spectral Helix","spectral-helix","gem/skill/spectral-helix.png"
"Wither","wither","gem/skill/wither.png"
"Toxic Rain of Withering","toxic-rain-of-withering","gem/skill/toxic-rain-of-withering.png"
"Explosive Concoction of Destruction","explosive-concoction-of-destruction","gem/skill/explosive-concoction-of-destruction.png"
"Frostblink","frostblink","gem/skill/frostblink.png"
"Purifying Flame of Revelations","purifying-flame-of-revelations","gem/skill/purifying-flame-of-revelations.png"
"Summon Flame Golem of Hordes","summon-flame-golem-of-hordes","gem/skill/summon-flame-golem-of-hordes.png"
"Lightning Warp","lightning-warp","gem/skill/lightning-warp.png"
"Explosive Trap of Magnitude","explosive-trap-of-magnitude","gem/skill/explosive-trap-of-magnitude.png"
"Ice Spear of Splitting","ice-spear-of-splitting","gem/skill/ice-spear-of-splitting.png"
"Poacher's Mark","poachers-mark","gem/skill/poachers-mark.png"
"Arc of Surging","arc-of-surging","gem/skill/arc-of-surging.png"
"Plague Bearer","plague-bearer","gem/skill/plague-bearer.png"
"Spellslinger","spellslinger","gem/skill/spellslinger.png"
"Detonate Dead of Scavenging","detonate-dead-of-scavenging","gem/skill/detonate-dead-of-scavenging.png"
"Cyclone","cyclone","gem/skill/cyclone.png"
"Lightning Strike","lightning-strike","gem/skill/lightning-strike.png"
"Arcane Cloak","arcane-cloak","gem/skill/arcane-cloak.png"
"Contagion of Subsiding","contagion-of-subsiding","gem/skill/contagion-of-subsiding.png"
"Lacerate of Butchering","lacerate-of-butchering","gem/skill/lacerate-of-butchering.png"
"Barrage of Volley Fire","barrage-of-volley-fire","gem/skill/barrage-of-volley-fire.png"
"Lightning Tendrils of Eccentricity","lightning-tendrils-of-eccentricity","gem/skill/lightning-tendrils-of-eccentricity.png"
"Splitting Steel of Ammunition","splitting-steel-of-ammunition","gem/skill/splitting-steel-of-ammunition.png"
"Unearth","unearth","gem/skill/unearth.png"
"Punishment","punishment","gem/skill/punishment.png"
"Dread Banner","dread-banner","gem/skill/dread-banner.png"
"Whirling Blades","whirling-blades","gem/skill/whirling-blades.png"
"Leap Slam of Groundbreaking","leap-slam-of-groundbreaking","gem/skill/leap-slam-of-groundbreaking.png"
"Absolution","absolution","gem/skill/absolution.png"
"Chain Hook","chain-hook","gem/skill/chain-hook.png"
"Purity of Fire","purity-of-fire","gem/skill/purity-of-fire.png"
"Burning Arrow","burning-arrow","gem/skill/burning-arrow.png"
"Energy Blade","energy-blade","gem/skill/energy-blade.png"
"Divine Ire of Holy Lightning","divine-ire-of-holy-lightning","gem/skill/divine-ire-of-holy-lightning.png"
"Charged Dash","charged-dash","gem/skill/charged-dash.png"
"Mirror Arrow","mirror-arrow","gem/skill/mirror-arrow.png"
"Pyroclast Mine","pyroclast-mine","gem/skill/pyroclast-mine.png"
"Rejuvenation Totem","rejuvenation-totem","gem/skill/rejuvenation-totem.png"
"Lightning Arrow","lightning-arrow","gem/skill/lightning-arrow.png"
"Tectonic Slam of Cataclysm","tectonic-slam-of-cataclysm","gem/skill/tectonic-slam-of-cataclysm.png"
"Alchemist's Mark","alchemists-mark","gem/skill/alchemists-mark.png"
"Ice Crash of Cadence","ice-crash-of-cadence","gem/skill/ice-crash-of-cadence.png"
"Battlemage's Cry","battlemages-cry","gem/skill/battlemages-cry.png"
"Herald of Ash","herald-of-ash","gem/skill/herald-of-ash.png"
"Lightning Tendrils of Escalation","lightning-tendrils-of-escalation","gem/skill/lightning-tendrils-of-escalation.png"
"Ice Trap","ice-trap","gem/skill/ice-trap.png"
"Portal","portal","gem/skill/portal.png"
"Rallying Cry","rallying-cry","gem/skill/rallying-cry.png"
"Double Strike","double-strike","gem/skill/double-strike.png"
"Summon Raging Spirit","summon-raging-spirit","gem/skill/summon-raging-spirit.png"
"Void Sphere of Rending","void-sphere-of-rending","gem/skill/void-sphere-of-rending.png"
"Righteous Fire","righteous-fire","gem/skill/righteous-fire.png"
"Haste","haste","gem/skill/haste.png"
"Purity of Ice","purity-of-ice","gem/skill/purity-of-ice.png"
"Freezing Pulse","freezing-pulse","gem/skill/freezing-pulse.png"
"Cremation","cremation","gem/skill/cremation.png"
"Ancestral Cry","ancestral-cry","gem/skill/ancestral-cry.png"
"Divine Ire of Disintegration","divine-ire-of-disintegration","gem/skill/divine-ire-of-disintegration.png"
"Kinetic Rain of Impact","kinetic-rain-of-impact","gem/skill/kinetic-rain-of-impact.png"
"Holy Flame Totem","holy-flame-totem","gem/skill/holy-flame-totem.png"
"Wintertide Brand","wintertide-brand","gem/skill/wintertide-brand.png"
"Incinerate","incinerate","gem/skill/incinerate.png"
"Mirror Arrow of Bombarding Clones","mirror-arrow-of-bombarding-clones","gem/skill/mirror-arrow-of-bombarding-clones.png"
"Detonate Dead","detonate-dead","gem/skill/detonate-dead.png"
"Summon Raging Spirit of Enormity","summon-raging-spirit-of-enormity","gem/skill/summon-raging-spirit-of-enormity.png"
"Heavy Strike","heavy-strike","gem/skill/heavy-strike.png"
"Caustic Arrow","caustic-arrow","gem/skill/caustic-arrow.png"
"Summon Stone Golem","summon-stone-golem","gem/skill/summon-stone-golem.png"
"Earthquake","earthquake","gem/skill/earthquake.png"
"Summon Skitterbots","summon-skitterbots","gem/skill/summon-skitterbots.png"
"Summon Skeletons","summon-skeletons","gem/skill/summon-skeletons.png"
"Split Arrow of Splitting","split-arrow-of-splitting","gem/skill/split-arrow-of-splitting.png"
"Shock Nova","shock-nova","gem/skill/shock-nova.png"
"Herald of Purity","herald-of-purity","gem/skill/herald-of-purity.png"
"Detonate Dead of Chain Reaction","detonate-dead-of-chain-reaction","gem/skill/detonate-dead-of-chain-reaction.png"
"Contagion","contagion","gem/skill/contagion.png"
"Decoy Totem","decoy-totem","gem/skill/decoy-totem.png"
"Galvanic Field","galvanic-field","gem/skill/galvanic-field.png"
"Summon Holy Relic","summon-holy-relic","gem/skill/summon-holy-relic.png"
"Earthshatter","earthshatter","gem/skill/earthshatter.png"
"Dark Pact","dark-pact","gem/skill/dark-pact.png"
"Venom Gyre","venom-gyre","gem/skill/venom-gyre.png"
"Blight","blight","gem/skill/blight.png"
"Viper Strike","viper-strike","gem/skill/viper-strike.png"
"Orb of Storms","orb-of-storms","gem/skill/orb-of-storms.png"
"Splitting Steel","splitting-steel","gem/skill/splitting-steel.png"
"Seismic Cry","seismic-cry","gem/skill/seismic-cry.png"
"Molten Strike of the Zenith","molten-strike-of-the-zenith","gem/skill/molten-strike-of-the-zenith.png"
"Puncture","puncture","gem/skill/puncture.png"
"Frostbolt","frostbolt","gem/skill/frostbolt.png"
"Frost Bomb of Forthcoming","frost-bomb-of-forthcoming","gem/skill/frost-bomb-of-forthcoming.png"
"Icicle Mine","icicle-mine","gem/skill/icicle-mine.png"
"Summon Lightning Golem","summon-lightning-golem","gem/skill/summon-lightning-golem.png"
"Vitality","vitality","gem/skill/vitality.png"
"Ice Shot","ice-shot","gem/skill/ice-shot.png"
"Blast Rain","blast-rain","gem/skill/blast-rain.png"
"Summon Ice Golem","summon-ice-golem","gem/skill/summon-ice-golem.png"
"Purity of Elements","purity-of-elements","gem/skill/purity-of-elements.png"
"Protective Link","protective-link","gem/skill/protective-link.png"
"Sigil of Power","sigil-of-power","gem/skill/sigil-of-power.png"
"Tornado of Elemental Turbulence","tornado-of-elemental-turbulence","gem/skill/tornado-of-elemental-turbulence.png"
"Purifying Flame","purifying-flame","gem/skill/purifying-flame.png"
"Power Siphon of the Archmage","power-siphon-of-the-archmage","gem/skill/power-siphon-of-the-archmage.png"
"Flame Dash of Return","flame-dash-of-return","gem/skill/flame-dash-of-return.png"
"War Banner","war-banner","gem/skill/war-banner.png"
"Winter Orb","winter-orb","gem/skill/winter-orb.png"
"Holy Flame Totem of Ire","holy-flame-totem-of-ire","gem/skill/holy-flame-totem-of-ire.png"
"Smite of Divine Judgement","smite-of-divine-judgement","gem/skill/smite-of-divine-judgement.png"
"Seismic Trap of Swells","seismic-trap-of-swells","gem/skill/seismic-trap-of-swells.png"
"Storm Rain of the Fence","storm-rain-of-the-fence","gem/skill/storm-rain-of-the-fence.png"
"Viper Strike of the Mamba","viper-strike-of-the-mamba","gem/skill/viper-strike-of-the-mamba.png"
"Soulrend","soulrend","gem/skill/soulrend.png"
"Contagion of Transference","contagion-of-transference","gem/skill/contagion-of-transference.png"
"Warlord's Mark","warlords-mark","gem/skill/warlords-mark.png"
"Detonate Mines","detonate-mines","gem/skill/detonate-mines.png"
"Galvanic Arrow","galvanic-arrow","gem/skill/galvanic-arrow.png"
"Flesh Offering","flesh-offering","gem/skill/flesh-offering.png"
"Searing Bond","searing-bond","gem/skill/searing-bond.png"
"Reap","reap","gem/skill/reap.png"
"Poisonous Concoction","poisonous-concoction","gem/skill/poisonous-concoction.png"
"Bodyswap of Sacrifice","bodyswap-of-sacrifice","gem/skill/bodyswap-of-sacrifice.png"
"General's Cry","generals-cry","gem/skill/generals-cry.png"
"Raise Zombie of Falling","raise-zombie-of-falling","gem/skill/raise-zombie-of-falling.png"
"Enfeeble","enfeeble","gem/skill/enfeeble.png"
"Shield Charge","shield-charge","gem/skill/shield-charge.png"
"Cobra Lash","cobra-lash","gem/skill/cobra-lash.png"
"Summon Carrion Golem of Scavenging","summon-carrion-golem-of-scavenging","gem/skill/summon-carrion-golem-of-scavenging.png"
"Reave of Refraction","reave-of-refraction","gem/skill/reave-of-refraction.png"
"Spectral Shield Throw of Shattering","spectral-shield-throw-of-shattering","gem/skill/spectral-shield-throw-of-shattering.png"
"Barrage","barrage","gem/skill/barrage.png"
"Seismic Trap","seismic-trap","gem/skill/seismic-trap.png"
"Elemental Hit of the Spectrum","elemental-hit-of-the-spectrum","gem/skill/elemental-hit-of-the-spectrum.png"
"Smoke Mine","smoke-mine","gem/skill/smoke-mine.png"
"Cold Snap of Power","cold-snap-of-power","gem/skill/cold-snap-of-power.png"
"Intuitive Link","intuitive-link","gem/skill/intuitive-link.png"
"Sniper's Mark","snipers-mark","gem/skill/snipers-mark.png"
"Summon Reaper of Eviscerating","summon-reaper-of-eviscerating","gem/skill/summon-reaper-of-eviscerating.png"
"Artillery Ballista of Cross Strafe","artillery-ballista-of-cross-strafe","gem/skill/artillery-ballista-of-cross-strafe.png"
"Animate Weapon","animate-weapon","gem/skill/animate-weapon.png"
"Thunderstorm","thunderstorm","gem/skill/thunderstorm.png"
"Tornado Shot of Cloudburst","tornado-shot-of-cloudburst","gem/skill/tornado-shot-of-cloudburst.png"
"Fire Trap of Blasting","fire-trap-of-blasting","gem/skill/fire-trap-of-blasting.png"
"Galvanic Arrow of Surging","galvanic-arrow-of-surging","gem/skill/galvanic-arrow-of-surging.png"
"Perforate of Duality","perforate-of-duality","gem/skill/perforate-of-duality.png"
"Eye of Winter of Transience","eye-of-winter-of-transience","gem/skill/eye-of-winter-of-transience.png"
"Leap Slam","leap-slam","gem/skill/leap-slam.png"
"Shrapnel Ballista","shrapnel-ballista","gem/skill/shrapnel-ballista.png"
"Icicle Mine of Sabotage","icicle-mine-of-sabotage","gem/skill/icicle-mine-of-sabotage.png"
"Vortex","vortex","gem/skill/vortex.png"
"Ground Slam","ground-slam","gem/skill/ground-slam.png"
"Firestorm","firestorm","gem/skill/firestorm.png"
"Soulrend of the Spiral","soulrend-of-the-spiral","gem/skill/soulrend-of-the-spiral.png"
"Wall of Force","wall-of-force","gem/skill/wall-of-force.png"
"Raise Zombie of Slamming","raise-zombie-of-slamming","gem/skill/raise-zombie-of-slamming.png"
"Discharge of Misery","discharge-of-misery","gem/skill/discharge-of-misery.png"
"Lightning Spire Trap of Overloading","lightning-spire-trap-of-overloading","gem/skill/lightning-spire-trap-of-overloading.png"
"Dual Strike of Ambidexterity","dual-strike-of-ambidexterity","gem/skill/dual-strike-of-ambidexterity.png"
"Grace","grace","gem/skill/grace.png"
"Blade Blast","blade-blast","gem/skill/blade-blast.png"
"Raise Spectre of Transience","raise-spectre-of-transience","gem/skill/raise-spectre-of-transience.png"
"Dominating Blow of Inspiring","dominating-blow-of-inspiring","gem/skill/dominating-blow-of-inspiring.png"
"Dominating Blow","dominating-blow","gem/skill/dominating-blow.png"
"Hexblast","hexblast","gem/skill/hexblast.png"
"Crackling Lance","crackling-lance","gem/skill/crackling-lance.png"
"Perforate of Bloodshed","perforate-of-bloodshed","gem/skill/perforate-of-bloodshed.png"
"Blade Trap","blade-trap","gem/skill/blade-trap.png"
"Infernal Cry","infernal-cry","gem/skill/infernal-cry.png"
"Frost Wall","frost-wall","gem/skill/frost-wall.png"
"Scorching Ray","scorching-ray","gem/skill/scorching-ray.png"
"Kinetic Bolt","kinetic-bolt","gem/skill/kinetic-bolt.png"
"Cremation of Exhuming","cremation-of-exhuming","gem/skill/cremation-of-exhuming.png"
"Blade Trap of Greatswords","blade-trap-of-greatswords","gem/skill/blade-trap-of-greatswords.png"
"Manabond","manabond","gem/skill/manabond.png"
"Hexblast of Contradiction","hexblast-of-contradiction","gem/skill/hexblast-of-contradiction.png"
"Lightning Trap of Sparking","lightning-trap-of-sparking","gem/skill/lightning-trap-of-sparking.png"
"Flameblast","flameblast","gem/skill/flameblast.png"
"Vulnerability","vulnerability","gem/skill/vulnerability.png"
"Brand Recall","brand-recall","gem/skill/brand-recall.png"
"Boneshatter of Complex Trauma","boneshatter-of-complex-trauma","gem/skill/boneshatter-of-complex-trauma.png"
"Sunder of Earthbreaking","sunder-of-earthbreaking","gem/skill/sunder-of-earthbreaking.png"
"Siege Ballista","siege-ballista","gem/skill/siege-ballista.png"
"Crackling Lance of Branching","crackling-lance-of-branching","gem/skill/crackling-lance-of-branching.png"
"Dual Strike","dual-strike","gem/skill/dual-strike.png"
"Herald of Ice","herald-of-ice","gem/skill/herald-of-ice.png"
"Mirror Arrow of Prismatic Clones","mirror-arrow-of-prismatic-clones","gem/skill/mirror-arrow-of-prismatic-clones.png"
"Kinetic Bolt of Fragmentation","kinetic-bolt-of-fragmentation","gem/skill/kinetic-bolt-of-fragmentation.png"
"Ice Shot of Penetration","ice-shot-of-penetration","gem/skill/ice-shot-of-penetration.png"
"Vortex of Projection","vortex-of-projection","gem/skill/vortex-of-projection.png"
"Blink Arrow of Bombarding Clones","blink-arrow-of-bombarding-clones","gem/skill/blink-arrow-of-bombarding-clones.png"
"Perforate","perforate","gem/skill/perforate.png"
"Discharge","discharge","gem/skill/discharge.png"
"Glacial Hammer","glacial-hammer","gem/skill/glacial-hammer.png"
"Poisonous Concoction of Bouncing","poisonous-concoction-of-bouncing","gem/skill/poisonous-concoction-of-bouncing.png"
"Steelskin","steelskin","gem/skill/steelskin.png"
"Elemental Hit","elemental-hit","gem/skill/elemental-hit.png"
"Shockwave Totem","shockwave-totem","gem/skill/shockwave-totem.png"
"Wild Strike of Extremes","wild-strike-of-extremes","gem/skill/wild-strike-of-extremes.png"
"Automation","automation","gem/skill/automation.png"
"Storm Rain of the Conduit","storm-rain-of-the-conduit","gem/skill/storm-rain-of-the-conduit.png"
"Flame Surge","flame-surge","gem/skill/flame-surge.png"
"Ice Spear","ice-spear","gem/skill/ice-spear.png"
"Animate Weapon of Self Reflection","animate-weapon-of-self-reflection","gem/skill/animate-weapon-of-self-reflection.png"
"Berserk","berserk","gem/skill/berserk.png"
"Flameblast of Celerity","flameblast-of-celerity","gem/skill/flameblast-of-celerity.png"
"Tempest Shield","tempest-shield","gem/skill/tempest-shield.png"
"Explosive Concoction","explosive-concoction","gem/skill/explosive-concoction.png"
"Blade Blast of Unloading","blade-blast-of-unloading","gem/skill/blade-blast-of-unloading.png"
"Penance Brand of Dissipation","penance-brand-of-dissipation","gem/skill/penance-brand-of-dissipation.png"
"Soulrend of Reaping","soulrend-of-reaping","gem/skill/soulrend-of-reaping.png"
"Cyclone of Tumult","cyclone-of-tumult","gem/skill/cyclone-of-tumult.png"
"Ethereal Knives of Lingering Blades","ethereal-knives-of-lingering-blades","gem/skill/ethereal-knives-of-lingering-blades.png"
"Firestorm of Pelting","firestorm-of-pelting","gem/skill/firestorm-of-pelting.png"
"Pyroclast Mine of Sabotage","pyroclast-mine-of-sabotage","gem/skill/pyroclast-mine-of-sabotage.png"
"Divine Retribution","divine-retribution","gem/skill/divine-retribution.png"
"Toxic Rain","toxic-rain","gem/skill/toxic-rain.png"
"Lightning Conduit of the Heavens","lightning-conduit-of-the-heavens","gem/skill/lightning-conduit-of-the-heavens.png"
"Explosive Arrow","explosive-arrow","gem/skill/explosive-arrow.png"
"Purity of Lightning","purity-of-lightning","gem/skill/purity-of-lightning.png"
"Scourge Arrow of Menace","scourge-arrow-of-menace","gem/skill/scourge-arrow-of-menace.png"
"Malevolence","malevolence","gem/skill/malevolence.png"
"Corrupting Fever","corrupting-fever","gem/skill/corrupting-fever.png"
"Summon Ice Golem of Hordes","summon-ice-golem-of-hordes","gem/skill/summon-ice-golem-of-hordes.png"
"Vigilant Strike","vigilant-strike","gem/skill/vigilant-strike.png"
"Shield Crush of the Chieftain","shield-crush-of-the-chieftain","gem/skill/shield-crush-of-the-chieftain.png"
"Rain of Arrows of Artillery","rain-of-arrows-of-artillery","gem/skill/rain-of-arrows-of-artillery.png"
"Rain of Arrows of Saturation","rain-of-arrows-of-saturation","gem/skill/rain-of-arrows-of-saturation.png"
"Soul Link","soul-link","gem/skill/soul-link.png"
"Fire Trap","fire-trap","gem/skill/fire-trap.png"
"Double Strike of Impaling","double-strike-of-impaling","gem/skill/double-strike-of-impaling.png"
"Scorching Ray of Immolation","scorching-ray-of-immolation","gem/skill/scorching-ray-of-immolation.png"
"Rage Vortex of Berserking","rage-vortex-of-berserking","gem/skill/rage-vortex-of-berserking.png"
"Volatile Dead of Confinement","volatile-dead-of-confinement","gem/skill/volatile-dead-of-confinement.png"
"Spectral Throw of Materialising","spectral-throw-of-materialising","gem/skill/spectral-throw-of-materialising.png"
"Explosive Trap of Shrapnel","explosive-trap-of-shrapnel","gem/skill/explosive-trap-of-shrapnel.png"
"Destructive Link","destructive-link","gem/skill/destructive-link.png"
"Voltaxic Burst","voltaxic-burst","gem/skill/voltaxic-burst.png"
"Bladefall of Impaling","bladefall-of-impaling","gem/skill/bladefall-of-impaling.png"
"Frost Shield","frost-shield","gem/skill/frost-shield.png"
"Ambush","ambush","gem/skill/ambush.png"
"Summon Chaos Golem of the Maelström","summon-chaos-golem-of-the-maelström","gem/skill/summon-chaos-golem-of-the-maelström.png"
"Eviscerate","eviscerate","gem/skill/eviscerate.png"
"Storm Burst","storm-burst","gem/skill/storm-burst.png"
"Phase Run","phase-run","gem/skill/phase-run.png"
"Puncture of Shanking","puncture-of-shanking","gem/skill/puncture-of-shanking.png"
"Arc","arc","gem/skill/arc.png"
"Flamethrower Trap","flamethrower-trap","gem/skill/flamethrower-trap.png"
"Infernal Blow of Immolation","infernal-blow-of-immolation","gem/skill/infernal-blow-of-immolation.png"
"Defiance Banner","defiance-banner","gem/skill/defiance-banner.png"
"Lightning Arrow of Electrocution","lightning-arrow-of-electrocution","gem/skill/lightning-arrow-of-electrocution.png"
"Herald of Agony","herald-of-agony","gem/skill/herald-of-agony.png"
"Ensnaring Arrow","ensnaring-arrow","gem/skill/ensnaring-arrow.png"
"Arc of Oscillating","arc-of-oscillating","gem/skill/arc-of-oscillating.png"
"Discipline","discipline","gem/skill/discipline.png"
"Void Sphere","void-sphere","gem/skill/void-sphere.png"
"Summon Stone Golem of Safeguarding","summon-stone-golem-of-safeguarding","gem/skill/summon-stone-golem-of-safeguarding.png"
"Static Strike","static-strike","gem/skill/static-strike.png"
"Earthshatter of Prominence","earthshatter-of-prominence","gem/skill/earthshatter-of-prominence.png"
"Frost Blades","frost-blades","gem/skill/frost-blades.png"
"Blight of Contagion","blight-of-contagion","gem/skill/blight-of-contagion.png"
"Essence Drain of Wickedness","essence-drain-of-wickedness","gem/skill/essence-drain-of-wickedness.png"
"Kinetic Fusillade","kinetic-fusillade","gem/skill/kinetic-fusillade.png"
"Awakened Empower Support","awakened-empower-support","gem/support/awakened-empower-support.png"
"Hex Bloom Support","hex-bloom-support","gem/support/hex-bloom-support.png"
"Slower Projectiles Support","slower-projectiles-support","gem/support/slower-projectiles-support.png"
"Impending Doom Support","impending-doom-support","gem/support/impending-doom-support.png"
"Chance to Poison Support","chance-to-poison-support","gem/support/chance-to-poison-support.png"
"Awakened Enhance Support","awakened-enhance-support","gem/support/awakened-enhance-support.png"
"Enhance Support","enhance-support","gem/support/enhance-support.png"
"Cruelty Support","cruelty-support","gem/support/cruelty-support.png"
"Mana Leech Support","mana-leech-support","gem/support/mana-leech-support.png"
"Windburst Support","windburst-support","gem/support/windburst-support.png"
"Blasphemy Support","blasphemy-support","gem/support/blasphemy-support.png"
"Second Wind Support","second-wind-support","gem/support/second-wind-support.png"
"Arcane Surge Support","arcane-surge-support","gem/support/arcane-surge-support.png"
"Greater Volley Support","greater-volley-support","gem/support/greater-volley-support.png"
"Multiple Traps Support","multiple-traps-support","gem/support/multiple-traps-support.png"
"Melee Physical Damage Support","melee-physical-damage-support","gem/support/melee-physical-damage-support.png"
"Charged Traps Support","charged-traps-support","gem/support/charged-traps-support.png"
"Overcharge Support","overcharge-support","gem/support/overcharge-support.png"
"Vile Toxins Support","vile-toxins-support","gem/support/vile-toxins-support.png"
"Volatility Support","volatility-support","gem/support/volatility-support.png"
"Trap and Mine Damage Support","trap-and-mine-damage-support","gem/support/trap-and-mine-damage-support.png"
"Expert Retaliation Support","expert-retaliation-support","gem/support/expert-retaliation-support.png"
"Flamewood Support","flamewood-support","gem/support/flamewood-support.png"
"Sadism Support","sadism-support","gem/support/sadism-support.png"
"Cold to Fire Support","cold-to-fire-support","gem/support/cold-to-fire-support.png"
"Multiple Projectiles Support","multiple-projectiles-support","gem/support/multiple-projectiles-support.png"
"Nightblade Support","nightblade-support","gem/support/nightblade-support.png"
"Added Cold Damage Support","added-cold-damage-support","gem/support/added-cold-damage-support.png"
"Endurance Charge on Melee Stun Support","endurance-charge-on-melee-stun-support","gem/support/endurance-charge-on-melee-stun-support.png"
"Lightning Penetration Support","lightning-penetration-support","gem/support/lightning-penetration-support.png"
"Concentrated Effect Support","concentrated-effect-support","gem/support/concentrated-effect-support.png"
"Mirage Archer Support","mirage-archer-support","gem/support/mirage-archer-support.png"
"Controlled Blaze Support","controlled-blaze-support","gem/support/controlled-blaze-support.png"
"Trinity Support","trinity-support","gem/support/trinity-support.png"
"Infused Channelling Support","infused-channelling-support","gem/support/infused-channelling-support.png"
"Spell Totem Support","spell-totem-support","gem/support/spell-totem-support.png"
"Point Blank Support","point-blank-support","gem/support/point-blank-support.png"
"Efficacy Support","efficacy-support","gem/support/efficacy-support.png"
"Trap Support","trap-support","gem/support/trap-support.png"
"Cursed Ground Support","cursed-ground-support","gem/support/cursed-ground-support.png"
"Bonechill Support","bonechill-support","gem/support/bonechill-support.png"
"Behead Support","behead-support","gem/support/behead-support.png"
"Generosity Support","generosity-support","gem/support/generosity-support.png"
"Deadly Ailments Support","deadly-ailments-support","gem/support/deadly-ailments-support.png"
"Critical Strike Affliction Support","critical-strike-affliction-support","gem/support/critical-strike-affliction-support.png"
"Cast on Melee Kill Support","cast-on-melee-kill-support","gem/support/cast-on-melee-kill-support.png"
"Elemental Damage with Attacks Support","elemental-damage-with-attacks-support","gem/support/elemental-damage-with-attacks-support.png"
"Withering Touch Support","withering-touch-support","gem/support/withering-touch-support.png"
"Bloodlust Support","bloodlust-support","gem/support/bloodlust-support.png"
"Frigid Bond Support","frigid-bond-support","gem/support/frigid-bond-support.png"
"Life Leech Support","life-leech-support","gem/support/life-leech-support.png"
"Cold Penetration Support","cold-penetration-support","gem/support/cold-penetration-support.png"
"Damage on Full Life Support","damage-on-full-life-support","gem/support/damage-on-full-life-support.png"
"Physical to Lightning Support","physical-to-lightning-support","gem/support/physical-to-lightning-support.png"
"Mark On Hit Support","mark-on-hit-support","gem/support/mark-on-hit-support.png"
"Rage Support","rage-support","gem/support/rage-support.png"
"Knockback Support","knockback-support","gem/support/knockback-support.png"
"Trauma Support","trauma-support","gem/support/trauma-support.png"
"Iron Grip Support","iron-grip-support","gem/support/iron-grip-support.png"
"Spellblade Support","spellblade-support","gem/support/spellblade-support.png"
"Feeding Frenzy Support","feeding-frenzy-support","gem/support/feeding-frenzy-support.png"
"Barrage Support","barrage-support","gem/support/barrage-support.png"
"Minion Life Support","minion-life-support","gem/support/minion-life-support.png"
"Locus Mine Support","locus-mine-support","gem/support/locus-mine-support.png"
"Melee Splash Support","melee-splash-support","gem/support/melee-splash-support.png"
"Swift Assembly Support","swift-assembly-support","gem/support/swift-assembly-support.png"
"Cast On Critical Strike Support","cast-on-critical-strike-support","gem/support/cast-on-critical-strike-support.png"
"Fresh Meat Support","fresh-meat-support","gem/support/fresh-meat-support.png"
"Elemental Proliferation Support","elemental-proliferation-support","gem/support/elemental-proliferation-support.png"
"Urgent Orders Support","urgent-orders-support","gem/support/urgent-orders-support.png"
"Unbound Ailments Support","unbound-ailments-support","gem/support/unbound-ailments-support.png"
"Summon Phantasm Support","summon-phantasm-support","gem/support/summon-phantasm-support.png"
"Multiple Totems Support","multiple-totems-support","gem/support/multiple-totems-support.png"
"Power Charge On Critical Support","power-charge-on-critical-support","gem/support/power-charge-on-critical-support.png"
"Predator Support","predator-support","gem/support/predator-support.png"
"Decay Support","decay-support","gem/support/decay-support.png"
"Ignite Proliferation Support","ignite-proliferation-support","gem/support/ignite-proliferation-support.png"
"Cast on Death Support","cast-on-death-support","gem/support/cast-on-death-support.png"
"Impale Support","impale-support","gem/support/impale-support.png"
"Pulverise Support","pulverise-support","gem/support/pulverise-support.png"
"Living Lightning Support","living-lightning-support","gem/support/living-lightning-support.png"
"Added Chaos Damage Support","added-chaos-damage-support","gem/support/added-chaos-damage-support.png"
"Swift Affliction Support","swift-affliction-support","gem/support/swift-affliction-support.png"
"Minion Damage Support","minion-damage-support","gem/support/minion-damage-support.png"
"Chance to Bleed Support","chance-to-bleed-support","gem/support/chance-to-bleed-support.png"
"Controlled Destruction Support","controlled-destruction-support","gem/support/controlled-destruction-support.png"
"Life Gain on Hit Support","life-gain-on-hit-support","gem/support/life-gain-on-hit-support.png"
"Energy Leech Support","energy-leech-support","gem/support/energy-leech-support.png"
"Cluster Traps Support","cluster-traps-support","gem/support/cluster-traps-support.png"
"Chain Support","chain-support","gem/support/chain-support.png"
"Infernal Legion Support","infernal-legion-support","gem/support/infernal-legion-support.png"
"Block Chance Reduction Support","block-chance-reduction-support","gem/support/block-chance-reduction-support.png"
"Blind Support","blind-support","gem/support/blind-support.png"
"Pinpoint Support","pinpoint-support","gem/support/pinpoint-support.png"
"Rupture Support","rupture-support","gem/support/rupture-support.png"
"Focused Channelling Support","focused-channelling-support","gem/support/focused-channelling-support.png"
"Iron Will Support","iron-will-support","gem/support/iron-will-support.png"
"Ruthless Support","ruthless-support","gem/support/ruthless-support.png"
"Brutality Support","brutality-support","gem/support/brutality-support.png"
"Kinetic Instability Support","kinetic-instability-support","gem/support/kinetic-instability-support.png"
"Void Manipulation Support","void-manipulation-support","gem/support/void-manipulation-support.png"
"High-Impact Mine Support","high-impact-mine-support","gem/support/high-impact-mine-support.png"
"Spell Cascade Support","spell-cascade-support","gem/support/spell-cascade-support.png"
"Bloodthirst Support","bloodthirst-support","gem/support/bloodthirst-support.png"
"Multistrike Support","multistrike-support","gem/support/multistrike-support.png"
"March of the Legion","march-of-the-legion","gem/support/march-of-the-legion.png"
"Vicious Projectiles Support","vicious-projectiles-support","gem/support/vicious-projectiles-support.png"
"Burning Damage Support","burning-damage-support","gem/support/burning-damage-support.png"
"More Duration Support","more-duration-support","gem/support/more-duration-support.png"
"Corrupting Cry Support","corrupting-cry-support","gem/support/corrupting-cry-support.png"
"Arrow Nova Support","arrow-nova-support","gem/support/arrow-nova-support.png"
"Eternal Blessing Support","eternal-blessing-support","gem/support/eternal-blessing-support.png"
"Combustion Support","combustion-support","gem/support/combustion-support.png"
"Close Combat Support","close-combat-support","gem/support/close-combat-support.png"
"Lifetap Support","lifetap-support","gem/support/lifetap-support.png"
"Elemental Army Support","elemental-army-support","gem/support/elemental-army-support.png"
"Fist of War Support","fist-of-war-support","gem/support/fist-of-war-support.png"
"Guardian's Blessing Support","guardians-blessing-support","gem/support/guardians-blessing-support.png"
"Charged Mines Support","charged-mines-support","gem/support/charged-mines-support.png"
"Minefield Support","minefield-support","gem/support/minefield-support.png"
"Minion Speed Support","minion-speed-support","gem/support/minion-speed-support.png"
"Innervate Support","innervate-support","gem/support/innervate-support.png"
"Fork Support","fork-support","gem/support/fork-support.png"
"Ancestral Call Support","ancestral-call-support","gem/support/ancestral-call-support.png"
"Lesser Multiple Projectiles Support","lesser-multiple-projectiles-support","gem/support/lesser-multiple-projectiles-support.png"
"Faster Projectiles Support","faster-projectiles-support","gem/support/faster-projectiles-support.png"
"Fortify Support","fortify-support","gem/support/fortify-support.png"
"Empower Support","empower-support","gem/support/empower-support.png"
"Focused Ballista Support","focused-ballista-support","gem/support/focused-ballista-support.png"
"Overexertion Support","overexertion-support","gem/support/overexertion-support.png"
"Cast while Channelling Support","cast-while-channelling-support","gem/support/cast-while-channelling-support.png"
"Shockwave Support","shockwave-support","gem/support/shockwave-support.png"
"Devour Support","devour-support","gem/support/devour-support.png"
"Dawnstrider","dawnstrider","gem/support/dawnstrider.png"
"Increased Critical Damage Support","increased-critical-damage-support","gem/support/increased-critical-damage-support.png"
"Faster Casting Support","faster-casting-support","gem/support/faster-casting-support.png"
"Returning Projectiles Support","returning-projectiles-support","gem/support/returning-projectiles-support.png"
"Ice Bite Support","ice-bite-support","gem/support/ice-bite-support.png"
"Immolate Support","immolate-support","gem/support/immolate-support.png"
"Culling Strike Support","culling-strike-support","gem/support/culling-strike-support.png"
"Greater Multiple Projectiles Support","greater-multiple-projectiles-support","gem/support/greater-multiple-projectiles-support.png"
"Faster Attacks Support","faster-attacks-support","gem/support/faster-attacks-support.png"
"Advanced Traps Support","advanced-traps-support","gem/support/advanced-traps-support.png"
"Fire Penetration Support","fire-penetration-support","gem/support/fire-penetration-support.png"
"Ballista Totem Support","ballista-totem-support","gem/support/ballista-totem-support.png"
"Elemental Penetration Support","elemental-penetration-support","gem/support/elemental-penetration-support.png"
"Volley Support","volley-support","gem/support/volley-support.png"
"Archmage Support","archmage-support","gem/support/archmage-support.png"
"Prismatic Burst Support","prismatic-burst-support","gem/support/prismatic-burst-support.png"
"Additional Accuracy Support","additional-accuracy-support","gem/support/additional-accuracy-support.png"
"Blastchain Mine Support","blastchain-mine-support","gem/support/blastchain-mine-support.png"
"Pierce Support","pierce-support","gem/support/pierce-support.png"
"Manaforged Arrows Support","manaforged-arrows-support","gem/support/manaforged-arrows-support.png"
"Increased Area of Effect Support","increased-area-of-effect-support","gem/support/increased-area-of-effect-support.png"
"Cast when Damage Taken Support","cast-when-damage-taken-support","gem/support/cast-when-damage-taken-support.png"
"Increased Critical Strikes Support","increased-critical-strikes-support","gem/support/increased-critical-strikes-support.png"
"Less Duration Support","less-duration-support","gem/support/less-duration-support.png"
"Awakened Enlighten Support","awakened-enlighten-support","gem/support/awakened-enlighten-support.png"
"Sacrifice Support","sacrifice-support","gem/support/sacrifice-support.png"
"Cast when Stunned Support","cast-when-stunned-support","gem/support/cast-when-stunned-support.png"
"Stun Support","stun-support","gem/support/stun-support.png"
"Unleash Support","unleash-support","gem/support/unleash-support.png"
"Intensify Support","intensify-support","gem/support/intensify-support.png"
"Inspiration Support","inspiration-support","gem/support/inspiration-support.png"
"Added Lightning Damage Support","added-lightning-damage-support","gem/support/added-lightning-damage-support.png"
"Chance to Flee Support","chance-to-flee-support","gem/support/chance-to-flee-support.png"
"Meat Shield Support","meat-shield-support","gem/support/meat-shield-support.png"
"Elemental Focus Support","elemental-focus-support","gem/support/elemental-focus-support.png"
"Spell Echo Support","spell-echo-support","gem/support/spell-echo-support.png"
"Enlighten Support","enlighten-support","gem/support/enlighten-support.png"
"Maim Support","maim-support","gem/support/maim-support.png"
"Clarity","clarity","gem/support/clarity.png"
"Hextouch Support","hextouch-support","gem/support/hextouch-support.png"
"Added Fire Damage Support","added-fire-damage-support","gem/support/added-fire-damage-support.png"
"Hypothermia Support","hypothermia-support","gem/support/hypothermia-support.png"
"Swiftbrand Support","swiftbrand-support","gem/support/swiftbrand-support.png"
"Sacred Wisps Support","sacred-wisps-support","gem/support/sacred-wisps-support.png"
"Arrogance Support","arrogance-support","gem/support/arrogance-support.png"
"Momentum Support","momentum-support","gem/support/momentum-support.png"
"Item Rarity Support","item-rarity-support","gem/support/item-rarity-support.png"
"Awakened Generosity Support","awakened-generosity-support","gem/awakened/awakened-generosity-support.png"
"Awakened Cold Penetration Support","awakened-cold-penetration-support","gem/awakened/awakened-cold-penetration-support.png"
"Awakened Elemental Focus Support","awakened-elemental-focus-support","gem/awakened/awakened-elemental-focus-support.png"
"Awakened Added Cold Damage Support","awakened-added-cold-damage-support","gem/awakened/awakened-added-cold-damage-support.png"
"Awakened Added Chaos Damage Support","awakened-added-chaos-damage-support","gem/awakened/awakened-added-chaos-damage-support.png"
"Awakened Spell Echo Support","awakened-spell-echo-support","gem/awakened/awakened-spell-echo-support.png"
"Awakened Added Lightning Damage Support","awakened-added-lightning-damage-support","gem/awakened/awakened-added-lightning-damage-support.png"
"Awakened Vicious Projectiles Support","awakened-vicious-projectiles-support","gem/awakened/awakened-vicious-projectiles-support.png"
"Awakened Swift Affliction Support","awakened-swift-affliction-support","gem/awakened/awakened-swift-affliction-support.png"
"Awakened Fire Penetration Support","awakened-fire-penetration-support","gem/awakened/awakened-fire-penetration-support.png"
"Gemcutter's Prism","gemcutters-prism","gem/awakened/gemcutters-prism.png"
"Awakened Fork Support","awakened-fork-support","gem/awakened/awakened-fork-support.png"
"Awakened Melee Splash Support","awakened-melee-splash-support","gem/awakened/awakened-melee-splash-support.png"
"Awakened Unleash Support","awakened-unleash-support","gem/awakened/awakened-unleash-support.png"
"Awakened Void Manipulation Support","awakened-void-manipulation-support","gem/awakened/awakened-void-manipulation-support.png"
"Awakened Enhance Support","awakened-enhance-support","gem/awakened/awakened-enhance-support.png"
"Awakened Melee Physical Damage Support","awakened-melee-physical-damage-support","gem/awakened/awakened-melee-physical-damage-support.png"
"Awakened Elemental Damage with Attacks Support","awakened-elemental-damage-with-attacks-support","gem/awakened/awakened-elemental-damage-with-attacks-support.png"
"Awakened Cast On Critical Strike Support","awakened-cast-on-critical-strike-support","gem/awakened/awakened-cast-on-critical-strike-support.png"
"Awakened Added Fire Damage Support","awakened-added-fire-damage-support","gem/awakened/awakened-added-fire-damage-support.png"
"Awakened Multistrike Support","awakened-multistrike-support","gem/awakened/awakened-multistrike-support.png"
"The Maven's Writ","the-mavens-writ","gem/awakened/the-mavens-writ.png"
"Awakened Hextouch Support","awakened-hextouch-support","gem/awakened/awakened-hextouch-support.png"
"Awakened Burning Damage Support","awakened-burning-damage-support","gem/awakened/awakened-burning-damage-support.png"
"Awakened Controlled Destruction Support","awakened-controlled-destruction-support","gem/awakened/awakened-controlled-destruction-support.png"
"Awakened Blasphemy Support","awakened-blasphemy-support","gem/awakened/awakened-blasphemy-support.png"
"Awakened Unbound Ailments Support","awakened-unbound-ailments-support","gem/awakened/awakened-unbound-ailments-support.png"
"Awakened Empower Support","awakened-empower-support","gem/awakened/awakened-empower-support.png"
"Awakened Minion Damage Support","awakened-minion-damage-support","gem/awakened/awakened-minion-damage-support.png"
"Awakened Greater Multiple Projectiles Support","awakened-greater-multiple-projectiles-support","gem/awakened/awakened-greater-multiple-projectiles-support.png"
"Awakened Enlighten Support","awakened-enlighten-support","gem/awakened/awakened-enlighten-support.png"
"Awakened Cast While Channelling Support","awakened-cast-while-channelling-support","gem/awakened/awakened-cast-while-channelling-support.png"
"The Cheater","the-cheater","gem/awakened/the-cheater.png"
"Desecrated Virtue","desecrated-virtue","gem/awakened/desecrated-virtue.png"
"Awakened Arrow Nova Support","awakened-arrow-nova-support","gem/awakened/awakened-arrow-nova-support.png"
"Awakened Increased Area of Effect Support","awakened-increased-area-of-effect-support","gem/awakened/awakened-increased-area-of-effect-support.png"
"Awakened Spell Cascade Support","awakened-spell-cascade-support","gem/awakened/awakened-spell-cascade-support.png"
"Awakened Lightning Penetration Support","awakened-lightning-penetration-support","gem/awakened/awakened-lightning-penetration-support.png"
"Awakened Deadly Ailments Support","awakened-deadly-ailments-support","gem/awakened/awakened-deadly-ailments-support.png"
"Awakened Ancestral Call Support","awakened-ancestral-call-support","gem/awakened/awakened-ancestral-call-support.png"
"Awakened Brutality Support","awakened-brutality-support","gem/awakened/awakened-brutality-support.png"
"Awakened Chain Support","awakened-chain-support","gem/awakened/awakened-chain-support.png"
"Vaal Blight","vaal-blight","gem/vaal/vaal-blight.png"
"Vaal Lightning Arrow","vaal-lightning-arrow","gem/vaal/vaal-lightning-arrow.png"
"Vaal Blade Flurry","vaal-blade-flurry","gem/vaal/vaal-blade-flurry.png"
"Vaal Arctic Armour","vaal-arctic-armour","gem/vaal/vaal-arctic-armour.png"
"Vaal Orb","vaal-orb","gem/vaal/vaal-orb.png"
"Vaal Lightning Trap","vaal-lightning-trap","gem/vaal/vaal-lightning-trap.png"
"Purity of Fire","purity-of-fire","gem/vaal/purity-of-fire.png"
"Vaal Double Strike","vaal-double-strike","gem/vaal/vaal-double-strike.png"
"Vaal Molten Shell","vaal-molten-shell","gem/vaal/vaal-molten-shell.png"
"Spell Totem Support","spell-totem-support","gem/vaal/spell-totem-support.png"
"Vaal Lightning Strike","vaal-lightning-strike","gem/vaal/vaal-lightning-strike.png"
"Vaal Domination","vaal-domination","gem/vaal/vaal-domination.png"
"Vaal Storm Call","vaal-storm-call","gem/vaal/vaal-storm-call.png"
"Vaal Absolution","vaal-absolution","gem/vaal/vaal-absolution.png"
"Vaal Immortal Call","vaal-immortal-call","gem/vaal/vaal-immortal-call.png"
"Gemcutter's Prism","gemcutters-prism","gem/vaal/gemcutters-prism.png"
"Vaal Breach","vaal-breach","gem/vaal/vaal-breach.png"
"Vaal Burning Arrow","vaal-burning-arrow","gem/vaal/vaal-burning-arrow.png"
"Vaal Spectral Throw","vaal-spectral-throw","gem/vaal/vaal-spectral-throw.png"
"Vaal Impurity of Fire","vaal-impurity-of-fire","gem/vaal/vaal-impurity-of-fire.png"
"Vaal Impurity of Lightning","vaal-impurity-of-lightning","gem/vaal/vaal-impurity-of-lightning.png"
"Vaal Clarity","vaal-clarity","gem/vaal/vaal-clarity.png"
"Vaal Ground Slam","vaal-ground-slam","gem/vaal/vaal-ground-slam.png"
"Vaal Lightning Warp","vaal-lightning-warp","gem/vaal/vaal-lightning-warp.png"
"Vaal Glacial Hammer","vaal-glacial-hammer","gem/vaal/vaal-glacial-hammer.png"
"Unleash Support","unleash-support","gem/vaal/unleash-support.png"
"Spell Echo Support","spell-echo-support","gem/vaal/spell-echo-support.png"
"Vaal Animate Weapon","vaal-animate-weapon","gem/vaal/vaal-animate-weapon.png"
"Multistrike Support","multistrike-support","gem/vaal/multistrike-support.png"
"Vaal Cold Snap","vaal-cold-snap","gem/vaal/vaal-cold-snap.png"
"Vaal Spark","vaal-spark","gem/vaal/vaal-spark.png"
"Vaal Discipline","vaal-discipline","gem/vaal/vaal-discipline.png"
"Vaal Smite","vaal-smite","gem/vaal/vaal-smite.png"
"Vaal Flameblast","vaal-flameblast","gem/vaal/vaal-flameblast.png"
"Vaal Reap","vaal-reap","gem/vaal/vaal-reap.png"
"Vaal Ice Nova","vaal-ice-nova","gem/vaal/vaal-ice-nova.png"
"Vaal Power Siphon","vaal-power-siphon","gem/vaal/vaal-power-siphon.png"
"Vaal Summon Skeletons","vaal-summon-skeletons","gem/vaal/vaal-summon-skeletons.png"
"Vaal Haste","vaal-haste","gem/vaal/vaal-haste.png"
"Vaal Detonate Dead","vaal-detonate-dead","gem/vaal/vaal-detonate-dead.png"
"Vaal Volcanic Fissure","vaal-volcanic-fissure","gem/vaal/vaal-volcanic-fissure.png"
"Vaal Arc","vaal-arc","gem/vaal/vaal-arc.png"
"Vaal Molten Strike","vaal-molten-strike","gem/vaal/vaal-molten-strike.png"
"Trap Support","trap-support","gem/vaal/trap-support.png"
"Vaal Flicker Strike","vaal-flicker-strike","gem/vaal/vaal-flicker-strike.png"
"Vaal Fireball","vaal-fireball","gem/vaal/vaal-fireball.png"
"Vaal Venom Gyre","vaal-venom-gyre","gem/vaal/vaal-venom-gyre.png"
"Vaal Earthquake","vaal-earthquake","gem/vaal/vaal-earthquake.png"
"Vaal Ice Shot","vaal-ice-shot","gem/vaal/vaal-ice-shot.png"
"Vaal Caustic Arrow","vaal-caustic-arrow","gem/vaal/vaal-caustic-arrow.png"
"Vaal Firestorm","vaal-firestorm","gem/vaal/vaal-firestorm.png"
"Vaal Cleave","vaal-cleave","gem/vaal/vaal-cleave.png"
"Ancestral Call Support","ancestral-call-support","gem/vaal/ancestral-call-support.png"
"Vaal Rain of Arrows","vaal-rain-of-arrows","gem/vaal/vaal-rain-of-arrows.png"
"Vaal Blade Vortex","vaal-blade-vortex","gem/vaal/vaal-blade-vortex.png"
"Vaal Cyclone","vaal-cyclone","gem/vaal/vaal-cyclone.png"
"Vaal Grace","vaal-grace","gem/vaal/vaal-grace.png"
"Blood of Corruption","blood-of-corruption","gem/vaal/blood-of-corruption.png"
"Vaal Impurity of Ice","vaal-impurity-of-ice","gem/vaal/vaal-impurity-of-ice.png"
"Vaal Righteous Fire","vaal-righteous-fire","gem/vaal/vaal-righteous-fire.png"
"Vaal Reave","vaal-reave","gem/vaal/vaal-reave.png"
"Spectral Throw","spectral-throw","gem/vaal/spectral-throw.png"
"Vaal Rejuvenation Totem","vaal-rejuvenation-totem","gem/vaal/vaal-rejuvenation-totem.png"
"Orb of Scouring","orb-of-scouring","jewel/orb-of-scouring.png"
"Murderous Eye Jewel","murderous-eye-jewel","jewel/murderous-eye-jewel.png"
"Fragility","fragility","jewel/fragility.png"
"Searching Eye Jewel","searching-eye-jewel","jewel/searching-eye-jewel.png"
"Intuitive Leap","intuitive-leap","jewel/intuitive-leap.png"
"Unnatural Instinct","unnatural-instinct","jewel/unnatural-instinct.png"
"Cobalt Jewel","cobalt-jewel","jewel/cobalt-jewel.png"
"Pacifism","pacifism","jewel/pacifism.png"
"Impossible Escape","impossible-escape","jewel/impossible-escape.png"
"Crimson Jewel","crimson-jewel","jewel/crimson-jewel.png"
"Small Cluster Jewel","small-cluster-jewel","jewel/small-cluster-jewel.png"
"Brute Force Solution","brute-force-solution","jewel/brute-force-solution.png"
"Seething Fury","seething-fury","jewel/seething-fury.png"
"Hypnotic Eye Jewel","hypnotic-eye-jewel","jewel/hypnotic-eye-jewel.png"
"Inertia","inertia","jewel/inertia.png"
"Large Cluster Jewel","large-cluster-jewel","jewel/large-cluster-jewel.png"
"Fluid Motion","fluid-motion","jewel/fluid-motion.png"
"The Golden Rule","the-golden-rule","jewel/the-golden-rule.png"
"Fortress Covenant","fortress-covenant","jewel/fortress-covenant.png"
"Self-Flagellation","self-flagellation","jewel/self-flagellation.png"
"Rain of Splinters","rain-of-splinters","jewel/rain-of-splinters.png"
"Reckless Defence","reckless-defence","jewel/reckless-defence.png"
"The Blood of Innocence","the-blood-of-innocence","jewel/the-blood-of-innocence.png"
"Maven's Invitation: The Feared","mavens-invitation-the-feared","jewel/mavens-invitation-the-feared.png"
"Chill of Corruption","chill-of-corruption","jewel/chill-of-corruption.png"
"To Dust","to-dust","jewel/to-dust.png"
"Quickening Covenant","quickening-covenant","jewel/quickening-covenant.png"
"Atziri's Reign","atziris-reign","jewel/atziris-reign.png"
"Healthy Mind","healthy-mind","jewel/healthy-mind.png"
"Tempered Mind","tempered-mind","jewel/tempered-mind.png"
"Tempered Spirit","tempered-spirit","jewel/tempered-spirit.png"
"Ghastly Eye Jewel","ghastly-eye-jewel","jewel/ghastly-eye-jewel.png"
"Fevered Mind","fevered-mind","jewel/fevered-mind.png"
"Hidden Potential","hidden-potential","jewel/hidden-potential.png"
"Fertile Mind","fertile-mind","jewel/fertile-mind.png"
"Thread of Hope","thread-of-hope","jewel/thread-of-hope.png"
"Efficient Training","efficient-training","jewel/efficient-training.png"
"Viridian Jewel","viridian-jewel","jewel/viridian-jewel.png"
"Careful Planning","careful-planning","jewel/careful-planning.png"
"Prismatic Jewel","prismatic-jewel","jewel/prismatic-jewel.png"
"Energised Armour","energised-armour","jewel/energised-armour.png"
"Forbidden Tome","forbidden-tome","jewel/forbidden-tome.png"
"Simulacrum","simulacrum","jewel/simulacrum.png"
"Medium Cluster Jewel","medium-cluster-jewel","jewel/medium-cluster-jewel.png"
"Tempered Flesh","tempered-flesh","jewel/tempered-flesh.png"
"Powerlessness","powerlessness","jewel/powerlessness.png"
"Energy From Within","energy-from-within","jewel/energy-from-within.png"
